# title_pages_by_crc — кросс-проектная reference-таблица (crc32 → титульные страницы + confidence). Источник: Checker title-detector (opus_checker@e4b32dc, tools_heading/title_zone.py). Прогон 2026-06-17: 451 bundle, confidence high 443 / low 8. Делимитер ; (в file_name есть запятые). Джойн по crc32 (DEC-20260615-006). confidence=high → найден текст-якорь «ПРОЕКТНАЯ ДОКУМЕНТАЦИЯ» (детектор cover_end exact 100%/±1 100% на 34 taxonomy); low → аномалия (image_title/no_title/…). Строки # пропускать при чтении.
crc32;file_name;cover_pages;title_anchor_pages;anomaly;confidence
e6b53970;07.08.2023_163-2021-КР.pdf;1-4;"2;3;4";;high
cc62ed07;071122-ИОС5.pdf (1).pdf;1-2;"1;2";;high
382244bf;07_11_22-ИОС1.1.pdf;1-3;"1;2";;high
c60c37bf;07_11_22-ИОС1.2.pdf;1-2;"1;2";;high
e8fd8f5e;07_11_22-ИОС1.3.pdf;1-2;"1;2";;high
f8cbdcd8;10. 07-2022-ТБЭ.pdf;1-5;"1;2;5";;high
8965eed4;10_428-2022-ОДИ.pdf;1-4;"3;4";;high
0cdfdf98;10_ТБЭ_071122.pdf;1-2;"1;2";;high
4a453984;11. 07-2022-ОДИ.pdf;1-4;"1;2;4";;high
61f22ac2;13.1_ГОЧС полный.pdf;1-2;"1;2";;high
b3274c12;13_2022-ИЛО2 на эксп.pdf;1-3;"1;2";;high
b6428947;13_2022-ИЛО3.pdf;1-3;"1;2;3";;high
252580fa;13_2022-ООС.pdf;1-4;"1;2;3;4";;high
8057aa71;13_2022-ППО.pdf;1;1;;high
29783c8b;13_2022-ТКР-3 Том 3.3 АСУТП.pdf;1-2;"1;2";;high
1659e53d;13_2022-ТКР1 Том 3.1 газ.pdf;1-2;"1;2";;high
86fcca61;163-2021-ИОС1.pdf;1-4;"2;3;4";;high
79c6ba10;163-2021-ИОС2.pdf;1-4;"2;3;4";;high
e632ddd6;163-2021-ИОС3.pdf;1-4;"2;3;4";;high
b8e58027;163-2021-ИОС4.pdf;1-4;"2;3;4";;high
1995d9fb;163-2021-ИОС5.1-СС.pdf;1-4;"2;3;4";;high
33e3011f;163-2021-ИОС5.2 -СС.pdf;1-4;"2;3;4";;high
c53c253b;163-2021-ПЗУ.pdf;1-4;"2;3;4";;high
92295f6b;2. 07-2022-ПЗУ.pdf;1-5;"1;2;5";;high
753020ec;2.2 Раздел ПД №4 Конструктивные решения.pdf;1-2;"1;2";;high
ed0923af;2.3 Раздел ПД №7 Проект организации строительства.pdf;1-2;"1;2";;high
6986e7c2;2023-11-21 АР.pdf;1-2;"1;2";;high
c1d29105;27-03-23-ИОС6.pdf;1;1;;high
8f138e41;2_ПЗУ_071122.pdf;1-2;"1;2";;high
5de3e423;3 Раздел ПД №12 Смета на строительство, реконструкцию, капитальный ремонт.pdf;1-2;"1;2";;high
384a15ad;3. 07-2022-АР.pdf;1-5;"1;2;5";;high
f0719548;3. АР ЛЕН17.pdf;1-2;"1;2";;high
ca292747;3.2.1 КР_ул_Рязанская_д_13 (1.1).pdf;1-2;"1;2";;high
a7280fb6;3.2.1_КР_пр-т Ленина 23_5.pdf;1-2;"1;2";;high
d0e622e8;3.3.1 ПОКР_ Ленина 23_5.pdf;1-7;"1;2;7";;high
ab8ea2ea;3.3.1 ПОКР_ул Рязанская, д. 13 (1.1).pdf;1-2;"1;2";;high
74f9acfd;360-1-ИОС2.pdf;1-2;1;;high
44e177d1;360-1-ИОС3.pdf;1-2;1;;high
b9002ee2;360-1-ОДИ.pdf;1-2;1;;high
d465288c;360-1-ТБЭ.Храм.pdf;1-2;1;;high
6b3f071d;360-1-ЭОМ_2023.08.02.pdf;1-2;1;;high
dee20148;360-2-ИОС2.pdf;1-2;1;;high
ca826f2f;360-2-ИОС3.pdf;1-2;1;;high
5c194d00;360-2-ИОС5.1.pdf;1-2;"1;2";;high
dc1268db;360-ИОС2.2.pdf;;;no_title_at_start;low
a035a22e;360-ООС.pdf;1-2;1;;high
471bb706;360-ПЗУ.pdf;1-2;1;;high
119cdab9;360-ПОС.pdf;1-2;1;;high
b35c6aaa;3_428-22-АР.pdf;1-4;"2;3;4";;high
9f7fded8;3_АР_071122.pdf;1-2;"1;2";;high
30a7bed0;3_АР_Лавка.pdf;1-2;1;;high
2456ef5d;3_АР_Раздел ПД №3.Подраздел№1.pdf;1-2;"1;2";;high
d0d8bf65;3_АР_Раздел ПД №3.Подраздел№2.pdf;1-2;"1;2";;high
149ba798;3_АР_Храм.pdf;1-2;1;;high
542e523f;4. 07-2022-КР.pdf;1-6;"1;2;6";;high
638ba137;4. КР ЛЕН17.pdf;1-2;"1;2";;high
482d4484;428-22-КР (3).pdf;1-4;"2;3;4";;high
3a3824cf;428-22-ПЗУ.pdf;1-4;"2;3;4";;high
73b66ecc;4_КР_071122.pdf;1-2;"1;2";;high
e2234501;4_КР_Лавка.pdf;1-2;1;;high
c340afed;4_КР_Раздел ПД №4.Подраздел№1.pdf;1-2;"1;2";;high
45be8d0b;4_КР_Раздел ПД №4.Подраздел№2.pdf;1-2;"1;2";;high
45c8633a;4_КР_Раздел ПД №4.Подраздел№3.pdf;1-2;"1;2";;high
dd8a9d98;4_КР_Храм.pdf;1-2;1;;high
dbd93eac;5.1.1. 07-2022-ИОС 1.1.pdf;1-5;"1;2;5";;high
cbee2d69;5.1.2. 07-2022-ИОС 1.2.pdf;1-3;"1;2;3";;high
c20aa52a;5.1_428-22-ИОС1.pdf;1-4;"2;3;4";;high
7f681f54;5.1_ИОС1-1-55стр.pdf;1-2;"1;2";;high
12cdf827;5.2.1. 07-2022-ИОС 2.1.pdf;1-4;"1;2;4";;high
b2cc4779;5.2.1_ИОС2.1.pdf;1-2;"1;2";;high
a9148ccd;5.2.2. СЛТ-3022-ИОС 2.2.pdf;1-4;"1;2;4";;high
0df3d07d;5.2.2_ИОС2.2.pdf;1-2;"1;2";;high
cc741455;5.2.3. 07-2022-ИОС 2.3.pdf;1-4;"1;2;4";;high
964f6f11;5.2.3_ИОС2.3.pdf;1-2;"1;2";;high
623815ba;5.2_Раздел ПД №ИОС2.pdf;1-4;"2;3;4";;high
d5c54daf;5.3.1. 07-2022-ИОС 3.1.pdf;1-4;"1;2;4";;high
db2a7b34;5.3.1_ИОС3.1.pdf;1-2;"1;2";;high
9844197f;5.3.2. 07-2022-ИОС 3.2.pdf;1-4;"1;2;4";;high
48a1c6c2;5.3_Раздел ПД №ИОС3.pdf;1-4;"2;3;4";;high
70011319;5.4.1. 07-2022-ИОС 4.1.pdf;1-6;"1;2;6";;high
f4d85252;5.4.1_ИОС4.1.pdf;1-2;"1;2";;high
04e48032;5.4.2. СЛТ-3022-ИОС 4.2.pdf;1-4;4;;high
e38312d4;5.4.2_ИОС4.2.pdf;1-2;"1;2";;high
5f002672;5.4.3_ИОС4.3.pdf;1-2;"1;2";;high
b76d6306;5.4_ИОС4 Амград дом 4.pdf;1-4;"2;3;4";;high
4a9a3c8a;5.4_ОВ Храм.pdf;1-2;"1;2";;high
4dbf64ff;5.5. 07-2022-ИОС5.pdf;1-5;"1;2;5";;high
4e97c5c8;5.5_428-2022-ИОС 5.1.pdf;1-4;"3;4";;high
51c1b120;5.5_ИОС5_27.05.2023.pdf;1-2;"1;2";;high
96010e75;5.5_СС - Храм.pdf;1-2;"1;2";;high
ac75e355;5.7.1_ИОС7.1.pdf;1-2;"1;2";;high
a2d02961;5_2_ИОС2_071122.pdf;1-2;"1;2";;high
106ad8eb;5_3_ИОС3_071122.pdf;;;no_title_at_start;low
11aa1219;5_4_1_ИОС4.1_270323.pdf;1;1;;high
f302c5fe;6.1. 07-2022-ИОС 6.1.pdf;1-6;"1;2;6";;high
035b0771;6.2. СЛТ-3022-ИОС 6.2.pdf;1-4;"1;2;4";;high
659e23c1;6_ПОС.pdf;1-2;"1;2";;high
567f3331;6_ТХ_071122.pdf;1-2;"1;2";;high
f40720ae;7. 07-2022-ПОС.pdf;1-6;"1;2;6";;high
ad9af67f;7_ПОС_071122.pdf;1-2;"1;2";;high
ebfeb878;8. 07-2022-ООС.pdf;1-5;"1;2;5";;high
8c4e11a1;8_ООС_071122.pdf;1-2;"1;2";;high
257f8dc7;9. 07-2022-ПБ.pdf;1-4;"1;2;4";;high
d675a46c;9_360-ПБ1.pdf;1-2;1;;high
0156227f;9_428-2022-ПБ.pdf;1-4;"2;3;4";;high
f207f87f;9_ПБ_071122.pdf;1-2;"1;2";;high
db6b7bd4;9_ПБ_29.09.23.pdf;1-2;"1;2";;high
090110e6;Амград АР Дом 5_06_07_2023.pdf;1-2;2;;high
abb6358b;ИЛО1 от 04.05.2023.pdf;1-2;"1;2";;high
3d62d941;К-А-14А-КР г. Королев, ул. Аржакова, д. 14А.pdf;1-2;;image_title;low
c4d39956;К-А-14А-ПОС г. Королев, ул. Аржакова, д. 14А.pdf;1-2;"1;2";;high
b4feb66c;К-А-14А-СМ , ул. Аржакова, д. 14А.pdf;1-2;"1;2";;high
6e640d25;КР Новая кровля Краснополянская 31 (1).pdf;1-2;"1;2";;high
ea7e06a9;ОДИ Каширка лавка.pdf;;;no_title_at_start;low
2cd62c14;ПОКР ЛЕН17.pdf;1-2;"1;2";;high
e755be84;ПОКР кровля Краснополянская.pdf;1-2;"1;2";;high
d4dca83d;Раздел 2 ПД - 12-ППО.pdf;1-2;"1;2";;high
11627052;Раздел 3, г. Ногинск, Истомкинский 1-ый проезд, д. 11 ГВС,АР.pdf;1-2;"1;2";;high
85930f7a;Раздел 4, г. Ногинск, Истомкинский 1-ый проезд, д. 11 ГВС,КР.pdf;1-2;"1;2";;high
242109bd;Раздел 4_КР_г. Ногинск, пр-д 2-ой Кардолентный, д. 7.pdf;1-2;"1;2";;high
d9c29efc;Раздел 5, подр. 1, г. Ногинск, Истомкинский 1-ый проезд, д. 11 ГВС,ИОС1.pdf;1-2;"1;2";;high
13c26314;Раздел 5, подр. 4, г. Ногинск, Истомкинский 1-ый проезд, д. 11 ГВС,ИОС4 .pdf;1-2;"1;2";;high
bd97cd10;Раздел 7 ПОКР -  Сергиев Посад, б-р Кузнецова, д. 3.pdf;1-2;"1;2";;high
bee34b4d;Раздел 7, г. Ногинск, Истомкинский 1-ый проезд, д. 11 ГВС,ПОКР.pdf;1-2;"1;2";;high
fa4624a8;Раздел 7_ПОС_ г. Ногинск, пр-д 2-ой Кардолентный, д. 7.pdf;1-2;"1;2";;high
986641cb;Раздел ПБ секция 5.pdf;1-4;"2;3;4";;high
b2b7df8e;Раздел ПД N 13  ИД_ г.Подольск, мкр-н Климовск, ул.Заводская, д.12.pdf;1-2;"1;2";;high
6b7ec005;Раздел ПД N 13  ИД_ г.Подольск, мкр-н Климовск, ул.Заводская, д.4б.pdf;1-2;"1;2";;high
11b4a9e6;Раздел ПД N 13  ИД_50 лет Октября, д. 12а.pdf;1-2;"1;2";;high
75b7b740;Раздел ПД N 13  ИД_ул.Первомайская, д.1.pdf;1-2;"1;2";;high
b032e84a;Раздел ПД N 13  ИД_ул.Первомайская, д.3.pdf;1-2;"1;2";;high
7dd41a89;Раздел ПД N 13  ИД_ул.Театральная ул. д. 4.pdf;1-2;"1;2";;high
2518ecb3;Раздел ПД N 13 ИД_ г.Подольск, мкр-н Климовск, пр-кт 50 лет Октября, д. 16б.pdf;1-2;"1;2";;high
2c51833d;Раздел ПД N 13 ИД_ г.Подольск, мкр-н Климовск, пр-кт 50 лет Октября, д. 24а.pdf;1-2;"1;2";;high
dd6e3719;Раздел ПД N 13 ИД_ г.Подольск, мкр-н Климовск, ул. Симферопольская, д. 33.pdf;1-2;"1;2";;high
8b65dd24;Раздел ПД N 13 ИД_ г.Подольск, мкр-н Климовск, ул. Симферопольская, д. 49к5.pdf;1-2;"1;2";;high
931c0213;Раздел ПД N 13 ИД_ г.Подольск, мкр-н Климовск, ул. Симферопольская, д. 49к5.pdf;1-2;"1;2";;high
b448fb6a;Раздел ПД N 13 ИД_ г.Подольск, мкр-н Климовск, ул. Симферопольская, д. 7.pdf;1-2;"1;2";;high
7506b7d8;Раздел ПД N 13 ИД_50 лет Октября, д. 22а.pdf;1-2;"1;2";;high
d728877a;Раздел ПД N 13 ИД_50 лет Октября, д. 24.pdf;1-2;"1;2";;high
58be0869;Раздел ПД N 13 ИД_Октябрьская площадь, д. 4.pdf;1-2;"1;2";;high
91e15bbe;Раздел ПД N 13 ИД_Октябрьская площадь, д. 5.pdf;1-2;"1;2";;high
e1e74e11;Раздел ПД N 13 ИД_ул. Западная, д. 10.pdf;1-2;"1;2";;high
3b4aa686;Раздел ПД N 13 ИД_ул. Западная, д.6.pdf;1-2;"1;2";;high
40f57f00;Раздел ПД N 13 ИД_ул. Западная, д.8.pdf;1-2;"1;2";;high
125c04e4;Раздел ПД N 13 ИД_ул. Западная, д.9.pdf;1-2;"1;2";;high
5f0c4702;Раздел ПД N 13 ИД_ул. Молодежная, д.3.pdf;1-2;2;;high
4ba3ed05;Раздел ПД N 13 ИД_ул. Революции, д. 6.pdf;1-2;"1;2";;high
801fee11;Раздел ПД N 13 ИД_ул. Симферопольская, д. 11.pdf;1-2;"1;2";;high
df6a5246;Раздел ПД N 13 ИД_ул. Симферопольская, д. 11.pdf;1-2;"1;2";;high
ee7169e6;Раздел ПД N 13 ИД_ул. Симферопольская, д. 13.pdf;1-2;"1;2";;high
e4e33fd6;Раздел ПД N 13 ИД_ул. Симферопольская, д. 25.pdf;1-2;"1;2";;high
056bc075;Раздел ПД N 13 ИД_ул. Симферопольская, д. 31.pdf;1-2;"1;2";;high
1118fad9;Раздел ПД N 13 ИД_ул. Симферопольская, д.13.pdf;1-2;"1;2";;high
3f83935d;Раздел ПД N 13 ИД_ул. Симферопольская, д.15.pdf;1-2;"1;2";;high
556ea991;Раздел ПД N 13 ИД_ул. Симферопольская, д.17.pdf;1-2;"1;2";;high
bc2eecef;Раздел ПД N 13 ИД_ул.Западная, д.9.pdf;1-2;2;;high
13c8fb4d;Раздел ПД N 13 ИД_ул.Молодежная, д. 2к1.pdf;1-2;2;;high
94ee0de6;Раздел ПД N 13 ИД_ул.Молодежная, д.2к2.pdf;1-2;2;;high
3d2969fd;Раздел ПД N 13 ИД_ул.Симферопольская, д.49, к.2.pdf;1-2;"1;2";;high
31abfac2;Раздел ПД N 13 ИД_ул.Симферопольская, д.49к2.pdf;1-2;"1;2";;high
dac7aeae;Раздел ПД N 3  АР_50 лет Октября, д. 12а.pdf;1-2;"1;2";;high
81b87b38;Раздел ПД N 3  АР_50 лет Октября, д. 22А.pdf;1-2;"1;2";;high
26136323;Раздел ПД N 3  АР_50 лет Октября, д. 24.pdf;1-2;"1;2";;high
3d493363;Раздел ПД N 3  АР_Октябрьская площадь, д. 4.pdf;1-2;"1;2";;high
71d1a4a9;Раздел ПД N 3  АР_Октябрьская площадь, д. 5.pdf;1-2;"1;2";;high
6a3133e2;Раздел ПД N 3  АР_проспект 50 лет Октября, д. 16Б.pdf;1-2;"1;2";;high
f89b2c43;Раздел ПД N 3  АР_проспект 50 лет Октября, д. 24А.pdf;1-2;"1;2";;high
d63bde6f;Раздел ПД N 3  АР_ул. Заводская, д. 12.pdf;1-2;"1;2";;high
52decb29;Раздел ПД N 3  АР_ул. Заводская, д. 4б.pdf;1-2;"1;2";;high
f79627e6;Раздел ПД N 3  АР_ул. Западная, д. 10.pdf;1-2;"1;2";;high
89a48c93;Раздел ПД N 3  АР_ул. Западная, д. 6.pdf;1-2;"1;2";;high
9728a6a9;Раздел ПД N 3  АР_ул. Западная, д. 8.pdf;1-2;"1;2";;high
72c2cd73;Раздел ПД N 3  АР_ул. Западная, д. 9.pdf;1-2;"1;2";;high
9e424bf6;Раздел ПД N 3  АР_ул. Западная, д. 9.pdf;1-2;"1;2";;high
f5bef876;Раздел ПД N 3  АР_ул. Молодежная, д. 2, к. 1.pdf;1-2;"1;2";;high
f2eaf456;Раздел ПД N 3  АР_ул. Молодежная, д. 2, к. 2.pdf;1-2;"1;2";;high
3c29db02;Раздел ПД N 3  АР_ул. Молодежная, д. 3.pdf;1-2;"1;2";;high
b321064b;Раздел ПД N 3  АР_ул. Первомайская, д. 1.pdf;1-2;"1;2";;high
a8499151;Раздел ПД N 3  АР_ул. Первомайская, д. 3.pdf;1-2;"1;2";;high
cd6c6e97;Раздел ПД N 3  АР_ул. Революции, д. 6.pdf;1-2;"1;2";;high
96e96f2d;Раздел ПД N 3  АР_ул. Симферопольская, д. 11.pdf;1-2;"1;2";;high
984f5a08;Раздел ПД N 3  АР_ул. Симферопольская, д. 11.pdf;1-2;"1;2";;high
4f7ff219;Раздел ПД N 3  АР_ул. Симферопольская, д. 13.pdf;1-2;"1;2";;high
9311551b;Раздел ПД N 3  АР_ул. Симферопольская, д. 13.pdf;1-2;"1;2";;high
4c636987;Раздел ПД N 3  АР_ул. Симферопольская, д. 15.pdf;1-2;"1;2";;high
74a87490;Раздел ПД N 3  АР_ул. Симферопольская, д. 17.pdf;1-2;"1;2";;high
3457e2f0;Раздел ПД N 3  АР_ул. Симферопольская, д. 25.pdf;1-2;"1;2";;high
fff68ef1;Раздел ПД N 3  АР_ул. Симферопольская, д. 31.pdf;1-2;"1;2";;high
ddb56c21;Раздел ПД N 3  АР_ул. Симферопольская, д. 33.pdf;1-2;"1;2";;high
54651696;Раздел ПД N 3  АР_ул. Симферопольская, д. 49, к. 5.pdf;1-2;"1;2";;high
ff99242f;Раздел ПД N 3  АР_ул. Симферопольская, д. 49, к. 5.pdf;1-2;"1;2";;high
3bbacb34;Раздел ПД N 3  АР_ул. Симферопольская, д. 7.pdf;1-2;"1;2";;high
8fb0b80d;Раздел ПД N 3  АР_ул. Симферопольская, д.49к2.pdf;1-2;"1;2";;high
95f69d3b;Раздел ПД N 3  АР_ул. Симферопольская, д.49к2.pdf;1-2;"1;2";;high
663eae5e;Раздел ПД N 3  АР_ул. Театральная, д. 4.pdf;1-2;"1;2";;high
46b1203e;Раздел ПД N 4  КР_50 лет Октября, д. 12а.pdf;1-2;"1;2";;high
ae73204b;Раздел ПД N 4  КР_50 лет Октября, д. 22А.pdf;1-2;"1;2";;high
dfc0b34b;Раздел ПД N 4  КР_50 лет Октября, д. 24.pdf;1-2;"1;2";;high
7cd4d30d;Раздел ПД N 4  КР_Октябрьская площадь, д. 4.pdf;1-2;"1;2";;high
a99dd5c2;Раздел ПД N 4  КР_Октябрьская площадь, д. 5.pdf;1-2;"1;2";;high
7b8109a4;Раздел ПД N 4  КР_проспект 50 лет Октября, д. 16Б.pdf;1-2;"1;2";;high
b4f53ea9;Раздел ПД N 4  КР_проспект 50 лет Октября, д. 24А.pdf;1-2;"1;2";;high
d5b29eb6;Раздел ПД N 4  КР_ул. Заводская, д. 12.pdf;1-2;"1;2";;high
fc48eb5b;Раздел ПД N 4  КР_ул. Заводская, д. 4б.pdf;1-2;"1;2";;high
edd28ea4;Раздел ПД N 4  КР_ул. Западная, д. 10.pdf;1-2;"1;2";;high
8fdc19a4;Раздел ПД N 4  КР_ул. Западная, д. 6.pdf;1-2;"1;2";;high
77ae9d0b;Раздел ПД N 4  КР_ул. Западная, д. 8.pdf;1-2;"1;2";;high
46d7ea0a;Раздел ПД N 4  КР_ул. Западная, д. 9.pdf;1-2;"1;2";;high
cc4350d0;Раздел ПД N 4  КР_ул. Западная, д. 9.pdf;1-2;"1;2";;high
ead01bac;Раздел ПД N 4  КР_ул. Молодежная, д. 2, к. 1.pdf;1-2;"1;2";;high
555df53d;Раздел ПД N 4  КР_ул. Молодежная, д. 2, к. 2.pdf;1-2;"1;2";;high
35001af6;Раздел ПД N 4  КР_ул. Молодежная, д. 3.pdf;1-2;"1;2";;high
15779ffe;Раздел ПД N 4  КР_ул. Первомайская, д. 1.pdf;1-2;"1;2";;high
0d76ccbd;Раздел ПД N 4  КР_ул. Первомайская, д. 3.pdf;1-2;"1;2";;high
2b86f7e7;Раздел ПД N 4  КР_ул. Революции, д. 6.pdf;1-2;"1;2";;high
93cc45b2;Раздел ПД N 4  КР_ул. Симферопольская, д. 11.pdf;1-2;"1;2";;high
a624e984;Раздел ПД N 4  КР_ул. Симферопольская, д. 11.pdf;1-2;"1;2";;high
1c26ce53;Раздел ПД N 4  КР_ул. Симферопольская, д. 13.pdf;1-2;"1;2";;high
3f3c08e5;Раздел ПД N 4  КР_ул. Симферопольская, д. 13.pdf;1-2;"1;2";;high
5610f102;Раздел ПД N 4  КР_ул. Симферопольская, д. 15.pdf;1-2;"1;2";;high
f9b78b28;Раздел ПД N 4  КР_ул. Симферопольская, д. 17.pdf;1-2;"1;2";;high
2c9a7114;Раздел ПД N 4  КР_ул. Симферопольская, д. 25.pdf;1-2;"1;2";;high
60811541;Раздел ПД N 4  КР_ул. Симферопольская, д. 31.pdf;1-2;"1;2";;high
7140c589;Раздел ПД N 4  КР_ул. Симферопольская, д. 33.pdf;1-2;"1;2";;high
96d6ed23;Раздел ПД N 4  КР_ул. Симферопольская, д. 49, к. 5.pdf;1-2;"1;2";;high
9cc4f54c;Раздел ПД N 4  КР_ул. Симферопольская, д. 49, к. 5.pdf;1-2;"1;2";;high
2b105f3d;Раздел ПД N 4  КР_ул. Симферопольская, д. 7.pdf;1-2;"1;2";;high
6bf2bb7c;Раздел ПД N 4  КР_ул. Симферопольская, д.49к2.pdf;1-2;"1;2";;high
82cbcce7;Раздел ПД N 4  КР_ул. Симферопольская, д.49к2.pdf;1-2;"1;2";;high
cf7d971e;Раздел ПД N 4  КР_ул. Театральная, д. 4.pdf;1-2;"1;2";;high
7e686c2f;Раздел ПД N 5  ИОС5.4.1_50 лет Октября, д. 12а.pdf;1-2;"1;2";;high
004f5be6;Раздел ПД N 5  ИОС5.4.1_50 лет Октября, д. 24.pdf;1-2;"1;2";;high
5c977429;Раздел ПД N 5  ИОС5.4.1_50 лет октября, д. 22а.pdf;1-2;"1;2";;high
1508e9d6;Раздел ПД N 5  ИОС5.4.1_Заводская, д. 4б от.pdf;1-2;"1;2";;high
42c8a25c;Раздел ПД N 5  ИОС5.4.1_Западная, д. 10.pdf;1-2;"1;2";;high
72d32b7a;Раздел ПД N 5  ИОС5.4.1_Западная, д. 6.pdf;1-2;"1;2";;high
c7249d79;Раздел ПД N 5  ИОС5.4.1_Западная, д. 8.pdf;1-2;"1;2";;high
64a90bd4;Раздел ПД N 5  ИОС5.4.1_Западная, д. 9.pdf;1-2;"1;2";;high
8579ea60;Раздел ПД N 5  ИОС5.4.1_Западная, д. 9.pdf;1-2;"1;2";;high
bc754d98;Раздел ПД N 5  ИОС5.4.1_Молодежная, д.2 к.2.pdf;1-2;"1;2";;high
f323f16c;Раздел ПД N 5  ИОС5.4.1_Октябрьская пл., д. 5 гвс.pdf;1-2;"1;2";;high
4f72940d;Раздел ПД N 5  ИОС5.4.1_Октябрьская площадь д.4.pdf;1-2;"1;2";;high
2a2318a8;Раздел ПД N 5  ИОС5.4.1_Проспект 50 лет октября д.24а.pdf;1-2;"1;2";;high
4a4a4752;Раздел ПД N 5  ИОС5.4.1_Революции, д. 6 от.pdf;1-2;"1;2";;high
c8e972bf;Раздел ПД N 5  ИОС5.4.1_Симферопольская, д. 11 гвс.pdf;1-2;"1;2";;high
10be5f2b;Раздел ПД N 5  ИОС5.4.1_Симферопольская, д. 11 отоп.pdf;1-2;"1;2";;high
38f4f5d0;Раздел ПД N 5  ИОС5.4.1_Симферопольская, д. 13 гвс.pdf;1-2;"1;2";;high
34aaf5e6;Раздел ПД N 5  ИОС5.4.1_Симферопольская, д. 13 отоп.pdf;1-2;"1;2";;high
cd5cffd0;Раздел ПД N 5  ИОС5.4.1_Симферопольская, д. 15 отоп.pdf;1-2;"1;2";;high
789b0506;Раздел ПД N 5  ИОС5.4.1_Симферопольская, д. 17 отоп.pdf;1-2;"1;2";;high
af399e60;Раздел ПД N 5  ИОС5.4.1_Симферопольская, д. 25 гвс.pdf;1-2;"1;2";;high
ca418c3d;Раздел ПД N 5  ИОС5.4.1_Симферопольская, д. 31 отоп.pdf;1-2;"1;2";;high
9cb0949c;Раздел ПД N 5  ИОС5.4.1_Симферопольская, д.49 к.2 гвс.pdf;1-2;"1;2";;high
4a155008;Раздел ПД N 5  ИОС5.4.1_Симферопольская, д.49 к.2 от.pdf;1-2;"1;2";;high
e0824486;Раздел ПД N 5  ИОС5.4.1_г. Подольск, мкр-н Климовск, Заводская, д. 12 гвс.pdf;1-2;"1;2";;high
08c6190f;Раздел ПД N 5  ИОС5.4.1_г. Подольск, мкр-н Климовск, Симферопольская, д. 33 от.pdf;1-2;"1;2";;high
9067bf49;Раздел ПД N 5  ИОС5.4.1_г. Подольск, мкр-н Климовск, Симферопольская, д. 7.pdf;1-2;"1;2";;high
1884d6ae;Раздел ПД N 5  ИОС5.4.1_г. Подольск, мкр-н Климовск, ул. Симферопольская, д. 49, к. 5 гвс.pdf;1-2;"1;2";;high
936537a9;Раздел ПД N 5  ИОС5.4.1_г. Подольск, мкр-н Климовск, ул. Симферопольская, д. 49, к. 5 от.pdf;1-2;"1;2";;high
b8070984;Раздел ПД N 5  ИОС5.4.1_пр-кт 50 лет Октября, д. 16б.pdf;1-2;"1;2";;high
29381462;Раздел ПД N 5  ИОС5.4.1_ул. Молодежная, д.2 к.1.pdf;1-2;"1;2";;high
879c7757;Раздел ПД N 5  ИОС5.4.1_ул. Молодежная, д.3.pdf;1-2;"1;2";;high
0061fbca;Раздел ПД N 5  ИОС5.4.1_ул. Первомайская, д. 1 гвс.pdf;1-2;"1;2";;high
5af6d107;Раздел ПД N 5  ИОС5.4.1_ул. Первомайская, д. 3 От.pdf;1-2;"1;2";;high
c8dad5e1;Раздел ПД N 5  ИОС5.4.1_ул.Театральная, д. 4 ГВС.pdf;1-2;"1;2";;high
9ec4d8f4;Раздел ПД N 6 ПОКР г.Подольск, мкр-н Климовск, ул.Заводская, д.4б.pdf;1-2;"1;2";;high
6f6d4502;Раздел ПД N 6 ПОКР_ул. Западная, д.8.pdf;1-2;"1;2";;high
fe249a15;Раздел ПД N 6 ПОС_ г.Подольск, мкр-н Климовск, пр-кт 50 лет Октября, д. 24а.pdf;1-2;"1;2";;high
0ebdceef;Раздел ПД N 6 ПОС_Октябрьская площадь, д. 5.pdf;1-2;"1;2";;high
fdeb4f6d;Раздел ПД N 6 ПОС_ул. Западная, д. 10.pdf;1-2;"1;2";;high
be156337;Раздел ПД N 6 ПОС_ул. Западная, д.6.pdf;1-2;"1;2";;high
68dbcb8d;Раздел ПД N 6 ПОС_ул. Западная, д.9.pdf;1-2;"1;2";;high
c0e125b2;Раздел ПД N 6 ПОС_ул. Западная, д.9.pdf;1-2;"1;2";;high
40345829;Раздел ПД N 6 ПОС_ул. Молодежная, д.3.pdf;1-2;"1;2";;high
13a2895d;Раздел ПД N 6 ПОС_ул. Симферопольская, д. 13.pdf;1-2;"1;2";;high
7e172f16;Раздел ПД N 6 ПОС_ул. Симферопольская, д. 15.pdf;1-2;"1;2";;high
fb4ba0fe;Раздел ПД N 6 ПОС_ул. Симферопольская, д. 17.pdf;1-2;"1;2";;high
2b05fd69;Раздел ПД N 6 ПОС_ул. Симферопольская, д.13.pdf;1-2;"1;2";;high
eb641aa2;Раздел ПД N 6 ПОС_ул.Театральная ул. д. 4.pdf;1-2;"1;2";;high
d157f4d1;Раздел ПД N 7 ПОКР_ г.Подольск, мкр-н Климовск, пр-кт 50 лет Октября, д. 16б.pdf;1-2;"1;2";;high
5de15265;Раздел ПД N 7 ПОКР_ г.Подольск, мкр-н Климовск, ул. Заводская, д.12.pdf;1-2;"1;2";;high
3c9efeab;Раздел ПД N 7 ПОКР_ г.Подольск, мкр-н Климовск, ул. Симферопольская, д. 49к5.pdf;1-2;"1;2";;high
cbe49f56;Раздел ПД N 7 ПОКР_ г.Подольск, мкр-н Климовск, ул. Симферопольская, д. 49к5.pdf;1-2;"1;2";;high
f251c07d;Раздел ПД N 7 ПОКР_ г.Подольск, мкр-н Климовск, ул. Симферопольская, д. 7.pdf;1-2;"1;2";;high
ba825a06;Раздел ПД N 7 ПОКР_ г.Подольск, мкр. Климовск, ул. Симферопольская, д. 33.pdf;1-2;"1;2";;high
062f46e9;Раздел ПД N 7 ПОКР_50 лет Октября, д. 22а.pdf;1-2;"1;2";;high
b2b5af73;Раздел ПД N 7 ПОКР_50 лет Октября, д. 24.pdf;1-2;"1;2";;high
627a8a74;Раздел ПД N 7 ПОКР_50 лет Октября, д.12а.pdf;1-2;"1;2";;high
1b7181c6;Раздел ПД N 7 ПОКР_Октябрьская площадь, д. 4.pdf;1-2;"1;2";;high
1ee1ecb8;Раздел ПД N 7 ПОКР_ул. Молодежная, д. 2к2.pdf;1-2;"1;2";;high
3682f688;Раздел ПД N 7 ПОКР_ул. Молодежная, д.2к1.pdf;1-2;"1;2";;high
1a6713f4;Раздел ПД N 7 ПОКР_ул. Революции, д. 6.pdf;1-2;"1;2";;high
32fcaa56;Раздел ПД N 7 ПОКР_ул. Симферопольская, д. 11.pdf;1-2;"1;2";;high
34536dc1;Раздел ПД N 7 ПОКР_ул. Симферопольская, д. 11.pdf;1-2;"1;2";;high
6b1f5ff5;Раздел ПД N 7 ПОКР_ул. Симферопольская, д. 25.pdf;1-2;"1;2";;high
d09c167a;Раздел ПД N 7 ПОКР_ул. Симферопольская, д. 31.pdf;1-2;"1;2";;high
5fb9b508;Раздел ПД N 7 ПОКР_ул.Первомайская, д.1.pdf;1-2;"1;2";;high
9df6e9c5;Раздел ПД N 7 ПОКР_ул.Первомайская, д.3.pdf;1-2;"1;2";;high
7682d14e;Раздел ПД N 7 ПОКР_ул.Симферопольская, д.49, к.2.pdf;1-2;"1;2";;high
5ca9a168;Раздел ПД N 7 ПОКР_ул.Симферопольская, д.49к2.pdf;1-2;"1;2";;high
7df5ec6d;Раздел ПД № 5 ИОС5.2_3.ПР-2025_г. Воскресенск, ул. Ценнтральная, д. 36.pdf;1-2;"1;2";;high
1002a0f8;Раздел ПД № 5 ИОС5.4.1_3.ПР-2025_г. Воскресенск, ул. Центральная, д. 36.pdf;1-2;"1;2";;high
e2f2c887;Раздел ПД № 5 ИОС5.4_3.ПР-2025_г. Воскресенск, ул. Центральная, д.36.pdf;1-2;"1;2";;high
b16aadc8;Раздел ПД № 7 ПОКР_3.ПР-2025_г. Воскресенск, ул. Центральная, д.36.pdf;1-2;"1;2";;high
3ede57c2;Раздел ПД №02 - ПЗУ (2023.07.28).pdf;1-2;"1;2";;high
23c404ef;Раздел ПД №03 - АР (2023.07.27).pdf;1-2;"1;2";;high
16df53ae;Раздел ПД №04 - КР (2023.07.28).pdf;;;no_title_at_start;low
8bec1f62;Раздел ПД №05.2 - ВС (2023.07.28).pdf;1-2;"1;2";;high
3dec2071;Раздел ПД №05.3 - ВО (2023.07.28).pdf;1-2;"1;2";;high
31dddae0;Раздел ПД №05.4 - ОВ (2023.07.31).pdf;1-2;"1;2";;high
181f4bf2;Раздел ПД №06 - ТХ (2023.07.31).pdf;1-2;"1;2";;high
2bca5d9f;Раздел ПД №07 - ПОС (2023.07.28).pdf;1-2;"1;2";;high
d1bf203b;Раздел ПД №08 - ООС (2023.07.05).pdf;1-2;"1;2";;high
30f18164;Раздел ПД №10 - ТБЭ.pdf;1-2;"1;2";;high
8e5a13cf;Раздел ПД №11 - ОДИ (2023.07.05).pdf;1-2;"1;2";;high
6250790d;Раздел ПД №11 СМ Симферопольская д.13 ГВС.pdf;1-2;"1;2";;high
926c42d4;Раздел ПД №12 2744-КОРДЖ.27-СМ.pdf;1-2;;image_title;low
09729999;Раздел ПД №12 СМ Заводская д 12 ГВС.pdf;1-2;"1;2";;high
c2ada953;Раздел ПД №12 СМ Заводская д 4Б ТЭ.pdf;1-2;"1;2";;high
5e8190a2;Раздел ПД №12 СМ Западная д. 9 ГВС.pdf;1-2;"1;2";;high
2f327ca9;Раздел ПД №12 СМ Западная д. 9 ТЭ.pdf;1-2;"1;2";;high
9a9db4ca;Раздел ПД №12 СМ Западная д.10 ТЭ.pdf;1-2;"1;2";;high
5d48e2ba;Раздел ПД №12 СМ Западная д.6 ТЭ.pdf;1-2;"1;2";;high
4abb3228;Раздел ПД №12 СМ Западная д.8 ТЭ.pdf;1-2;"1;2";;high
707babc3;Раздел ПД №12 СМ Керамическая 16.pdf;1-2;"1;2";;high
17f9246c;Раздел ПД №12 СМ Октябрьская пл д 4 ГВС.pdf;1-2;"1;2";;high
5a419224;Раздел ПД №12 СМ Октябрьская пл д 5 ГВС.pdf;1-2;"1;2";;high
3ef1aaa3;Раздел ПД №12 СМ Подольск, 50 лет Октября, д. 22а ГВС.pdf;1-2;"1;2";;high
de410e90;Раздел ПД №12 СМ Подольск, пр-кт 50 лет Октября, д. 12а ОТ.pdf;1-2;"1;2";;high
66e48ea7;Раздел ПД №12 СМ Подольск, ул. Первомайская, д. 1 ГВС.pdf;1-2;"1;2";;high
74e17567;Раздел ПД №12 СМ Подольск, ул. Первомайская. д. 3 ОТ.pdf;1-2;"1;2";;high
399fb934;Раздел ПД №12 СМ Подольск, ул. Симферопольская, д. 49к2 ГВС.pdf;1-2;"1;2";;high
078a40a7;Раздел ПД №12 СМ Подольск, ул.Революции,д.6 ОТ.pdf;1-2;"1;2";;high
56bf7364;Раздел ПД №12 СМ Подольск, ул.Симферопольская, д. 49к2 ОТ.pdf;1-2;"1;2";;high
02346a85;Раздел ПД №12 СМ Симферопольская 49 к. 5 ГВС.pdf;1-2;"1;2";;high
ade2859b;Раздел ПД №12 СМ Симферопольская 49 к. 5 ОТ.pdf;1;1;;high
fc8d2ea6;Раздел ПД №12 СМ Симферопольская д 7 ТЭ.pdf;1-2;"1;2";;high
b44ce08b;Раздел ПД №12 СМ Симферопольская д.11 ГВС.pdf;1-2;"1;2";;high
c985f0bc;Раздел ПД №12 СМ Симферопольская д.11 ТЭ.pdf;1-2;"1;2";;high
1d465e44;Раздел ПД №12 СМ Симферопольская д.13 ТЭ.pdf;1-2;"1;2";;high
a952a748;Раздел ПД №12 СМ Симферопольская д.15 ТЭ.pdf;1-2;"1;2";;high
d742fc38;Раздел ПД №12 СМ Симферопольская д.17 ТЭ.pdf;1-2;"1;2";;high
1c129562;Раздел ПД №12 СМ Симферопольская д.25 ГВС.pdf;1-2;"1;2";;high
99e4fd6c;Раздел ПД №12 СМ Симферопольская д.31 ТЭ.pdf;1-2;"1;2";;high
0503bb7a;Раздел ПД №12 СМ Театральная д.4 ГВС.pdf;1-2;"1;2";;high
39d026f3;Раздел ПД №12 СМ пр-т 50 лет Октября д 24.pdf;1-2;"1;2";;high
2acbfdc2;Раздел ПД №12 СМ пр-т 50 лет Октября д 24а 3.10.pdf;1-2;"1;2";;high
6b049820;Раздел ПД №12 СМ ул.Молодёжная д.2 к.1 ГВС.pdf;1-2;"1;2";;high
179b946d;Раздел ПД №12 СМ ул.Молодёжная д.2 к.2 ГВС.pdf;1-2;"1;2";;high
b2515227;Раздел ПД №12 СМ ул.Молодёжная д.3 ГВС.pdf;1-2;"1;2";;high
55a99a88;Раздел ПД №2 СПОЗУ.pdf;1-2;"1;2";;high
d5b55940;Раздел ПД №3 АР Керамическая 16.pdf;1-2;"1;2";;high
a7ec43ba;Раздел ПД №4 2747-К_ЮЖН.40-КР.pdf;1-2;"1;2";;high
6fbc3e95;Раздел ПД №4 КР Керамическая 16.pdf;1-2;"1;2";;high
1aa1596c;Раздел ПД №5 2744-К.ОРДЖ.27-ОВ_1107360.pdf;1-2;"1;2";;high
8ee6624c;Раздел ПД №5 ИОС1 Керамическая 16.pdf;1-2;"1;2";;high
22bf792c;Раздел ПД №5.5 СС АПС.pdf;1-5;;title_not_extractable;low
aaad93d8;Раздел ПД №7 2744-К.ОРДЖ.27-ПОКР.pdf;1-2;;image_title;low
7f1d53dd;Раздел ПД №7 ПОКР Керамическая 16.pdf;1-2;"1;2";;high
88dc7be3;Раздел ПД №9 - МПБ.pdf;1-2;"1;2;36";;high
3b7751ee;Раздел ПД_12 Центр.6-24-СМ.pdf;1-2;"1;2";;high
8c74f313;Раздел ПД_4 2863-К-04-КР.pdf;1-2;"1;2";;high
802ac704;Раздел ПД_5.1 Центр.6-24-ИОС1.pdf;1-2;"1;2";;high
3bc5164d;Раздел ПД_7 2863-К-04-ПОКР.pdf;1-2;"1;2";;high
ed9ee473;Раздел ПД_7 Центр.6-24-ПОКР.pdf;1-2;"1;2";;high
07d36483;Раздел ПД№12 СМ Подольск, 50 лет Октября, д. 16б ОТ.pdf;1-2;"1;2";;high
fd749bde;Раздел ПД№5 ИОС5.1 50 лет Октября,д.12А.pdf;1-2;"1;2";;high
5e02725e;Раздел ПД№5 ИОС5.1 50 лет Октября,д.22А.pdf;1-2;"1;2";;high
00e6452d;Раздел ПД№5 ИОС5.1 50 лет Октября,д.24.pdf;1-2;"1;2";;high
1e958851;Раздел ПД№5 ИОС5.1 Октябрьская площадь,д.4 ГВС.pdf;1-2;"1;2";;high
eb4dc9aa;Раздел ПД№5 ИОС5.1 Октябрьская площадь,д.5 ГВС.pdf;1-2;"1;2";;high
8cdda738;Раздел ПД№5 ИОС5.1 пр-т.50 лет Октября,д.16Б.pdf;1-2;"1;2";;high
31fa7fc1;Раздел ПД№5 ИОС5.1 пр-т.50 лет Октября,д.24А.pdf;1-2;"1;2";;high
b35bf6ae;Раздел ПД№5 ИОС5.1 ул.Заводская,д.12 ГВС.pdf;1-2;"1;2";;high
737dbfed;Раздел ПД№5 ИОС5.1 ул.Заводская,д.4Б.pdf;1-2;"1;2";;high
cfb8e89d;Раздел ПД№5 ИОС5.1 ул.Западная,д.10.pdf;1-2;"1;2";;high
3a0524c0;Раздел ПД№5 ИОС5.1 ул.Западная,д.6.pdf;1-2;"1;2";;high
8c807c16;Раздел ПД№5 ИОС5.1 ул.Западная,д.8.pdf;1-2;"1;2";;high
26d60022;Раздел ПД№5 ИОС5.1 ул.Западная,д.9 ГВС.pdf;1-2;"1;2";;high
2ef23c50;Раздел ПД№5 ИОС5.1 ул.Западная,д.9 ОТ.pdf;1-2;"1;2";;high
65947b9f;Раздел ПД№5 ИОС5.1 ул.Молодежная,д.2к1 ГВС.pdf;1-2;"1;2";;high
a37c909c;Раздел ПД№5 ИОС5.1 ул.Молодежная,д.2к2 ГВС.pdf;1-2;"1;2";;high
e961ecec;Раздел ПД№5 ИОС5.1 ул.Молодежная,д.3 ГВС.pdf;1-2;"1;2";;high
6a75a0ab;Раздел ПД№5 ИОС5.1 ул.Первомайская,д.1.pdf;1-2;"1;2";;high
4fc91c68;Раздел ПД№5 ИОС5.1 ул.Первомайская,д.3.pdf;1-2;"1;2";;high
964e17db;Раздел ПД№5 ИОС5.1 ул.Революции,д.6 ОТ.pdf;1-2;"1;2";;high
5efb363f;Раздел ПД№5 ИОС5.1 ул.Симферопольская,д.11 ГВС.pdf;1-2;"1;2";;high
726dfa3d;Раздел ПД№5 ИОС5.1 ул.Симферопольская,д.11 ОТ.pdf;1-2;"1;2";;high
a2997093;Раздел ПД№5 ИОС5.1 ул.Симферопольская,д.13 ГВС.pdf;1-2;"1;2";;high
396b5b2e;Раздел ПД№5 ИОС5.1 ул.Симферопольская,д.13 ОТ.pdf;1-2;"1;2";;high
239f899e;Раздел ПД№5 ИОС5.1 ул.Симферопольская,д.15 ОТ.pdf;1-2;"1;2";;high
fc9356c6;Раздел ПД№5 ИОС5.1 ул.Симферопольская,д.17 ОТ.pdf;1-2;"1;2";;high
8579837d;Раздел ПД№5 ИОС5.1 ул.Симферопольская,д.25 ГВС.pdf;1-2;"1;2";;high
37e10aa9;Раздел ПД№5 ИОС5.1 ул.Симферопольская,д.31 ОТ.pdf;1-2;"1;2";;high
bf40ef73;Раздел ПД№5 ИОС5.1 ул.Симферопольская,д.33 ОТ.pdf;1-2;"1;2";;high
99ccf366;Раздел ПД№5 ИОС5.1 ул.Симферопольская,д.49к2.pdf;1-2;"1;2";;high
940e81b6;Раздел ПД№5 ИОС5.1 ул.Симферопольская,д.49к5 ГВС.pdf;1-2;"1;2";;high
cb322822;Раздел ПД№5 ИОС5.1 ул.Симферопольская,д.49к5 ОТ.pdf;1-2;"1;2";;high
8861ee8d;Раздел ПД№5 ИОС5.1 ул.Симферопольская,д.7.pdf;1-2;"1;2";;high
0db8c991;Раздел ПД№5 ИОС5.1 ул.Театральная,д.4.pdf;1-2;"1;2";;high
bf6b0efd;Раздел ПД№5 ИОС5.1_ул.Симферопольская,д.49к2.pdf;1-2;"1;2";;high
32976c94;Раздел ПД№5 ИОС5.5.1 50 лет Октября,д.12А.pdf;1-2;"1;2";;high
fd2d1885;Раздел ПД№5 ИОС5.5.1 50 лет Октября,д.22А.pdf;1-2;"1;2";;high
55440ecb;Раздел ПД№5 ИОС5.5.1 50 лет Октября,д.24.pdf;1-2;"1;2";;high
d1336a51;Раздел ПД№5 ИОС5.5.1 Октябрьская площадь,д.4 ГВС.pdf;1-2;"1;2";;high
7e83b3c3;Раздел ПД№5 ИОС5.5.1 Октябрьская площадь,д.5 ГВС.pdf;1-2;"1;2";;high
58acff41;Раздел ПД№5 ИОС5.5.1 пр-т.50 лет Октября,д.16Б.pdf;1-2;"1;2";;high
467a41b9;Раздел ПД№5 ИОС5.5.1 пр-т.50 лет Октября,д.24А.pdf;1-2;"1;2";;high
274e2668;Раздел ПД№5 ИОС5.5.1 ул.Заводская,д.12 ГВС.pdf;1-2;"1;2";;high
b8696130;Раздел ПД№5 ИОС5.5.1 ул.Заводская,д.4Б.pdf;1-2;"1;2";;high
3a5f477b;Раздел ПД№5 ИОС5.5.1 ул.Западная,д.10.pdf;1-2;"1;2";;high
bf3ac081;Раздел ПД№5 ИОС5.5.1 ул.Западная,д.6.pdf;1-2;"1;2";;high
40e866cc;Раздел ПД№5 ИОС5.5.1 ул.Западная,д.8.pdf;1-2;"1;2";;high
5ee6b653;Раздел ПД№5 ИОС5.5.1 ул.Западная,д.9 ГВС.pdf;1-2;"1;2";;high
1eaf000e;Раздел ПД№5 ИОС5.5.1 ул.Западная,д.9 ОТ.pdf;1-2;"1;2";;high
c83c1aad;Раздел ПД№5 ИОС5.5.1 ул.Молодежная,д.2к1 ГВС.pdf;1-2;"1;2";;high
cf2695e5;Раздел ПД№5 ИОС5.5.1 ул.Молодежная,д.2к2 ГВС.pdf;1-2;"1;2";;high
c982dfea;Раздел ПД№5 ИОС5.5.1 ул.Молодежная,д.3 ГВС.pdf;1-2;"1;2";;high
9b27e728;Раздел ПД№5 ИОС5.5.1 ул.Первомайская,д.1.pdf;1-2;"1;2";;high
3d5c92f9;Раздел ПД№5 ИОС5.5.1 ул.Первомайская,д.3.pdf;1-2;"1;2";;high
28ac01a6;Раздел ПД№5 ИОС5.5.1 ул.Революции,д.6 ОТ.pdf;1-2;"1;2";;high
52508e73;Раздел ПД№5 ИОС5.5.1 ул.СИмферопольская,д.7.pdf;1-2;"1;2";;high
48ee9de4;Раздел ПД№5 ИОС5.5.1 ул.Симферопольская,д.11 ГВС.pdf;1-2;"1;2";;high
3555e5a4;Раздел ПД№5 ИОС5.5.1 ул.Симферопольская,д.11 ОТ.pdf;1-2;"1;2";;high
5cc11c83;Раздел ПД№5 ИОС5.5.1 ул.Симферопольская,д.13 ГВС.pdf;1-2;"1;2";;high
bea9684d;Раздел ПД№5 ИОС5.5.1 ул.Симферопольская,д.13 ОТ.pdf;1-2;"1;2";;high
366b392f;Раздел ПД№5 ИОС5.5.1 ул.Симферопольская,д.15 ОТ.pdf;1-2;"1;2";;high
fde885b9;Раздел ПД№5 ИОС5.5.1 ул.Симферопольская,д.17 ОТ.pdf;1-2;"1;2";;high
dea4b389;Раздел ПД№5 ИОС5.5.1 ул.Симферопольская,д.25 ГВС.pdf;1-2;"1;2";;high
4dfcc26c;Раздел ПД№5 ИОС5.5.1 ул.Симферопольская,д.31 ОТ.pdf;1-2;"1;2";;high
e3629091;Раздел ПД№5 ИОС5.5.1 ул.Симферопольская,д.33 ОТ.pdf;1-2;"1;2";;high
10e066f5;Раздел ПД№5 ИОС5.5.1 ул.Симферопольская,д.49к2.pdf;1-2;"1;2";;high
2f2de335;Раздел ПД№5 ИОС5.5.1 ул.Симферопольская,д.49к5 ГВС.pdf;1-2;"1;2";;high
99e1a215;Раздел ПД№5 ИОС5.5.1 ул.Симферопольская,д.49к5 ОТ.pdf;1-2;"1;2";;high
f4fa48c4;Раздел ПД№5 ИОС5.5.1 ул.Театральная,д.4.pdf;1-2;"1;2";;high
13ba6010;Раздел ПД№5 ИОС5.5.1_ул.Симферопольская,д.49к2.pdf;1-2;"1;2";;high
52c95e4e;Раздел № 12  СМ_22-01-2025_15-37.pdf;1-4;"1;2;4";;high
fd8c057e;Раздел № 3  АР_22-01-2025_15-37.pdf;1-2;"1;2";;high
fe636eef;Раздел № 4 КР_22-01-2025_15-37.pdf;1-2;"1;2";;high
f1ec336f;Раздел № 7  ПОС_22-01-2025_15-37.pdf;1-2;"1;2";;high
846652b9;Раздел №12 СМ.pdf;1-2;"1;2";;high
1290169c;Раздел №4 КР.pdf;1-2;"1;2";;high
d6512b68;Раздел №7 ПОС.pdf;1-2;"1;2";;high
f498c98c;Раздел_12_СМ_г. Ногинск, пр-д 2-ой Кардолентный, д. 7.pdf;1-2;"1;2";;high
0dffb3dd;Том 2 Л2-ГПР-0450_21-ПД-К3,4-ПЗУ корр 2.pdf;1-2;"1;2";;high
a0b231fc;Том 3.2 ТКР2.pdf;1-2;"1;2";;high
a1fc2e96;том 3.2_26-АЭРО-2022_ТКР.ЭС_рев 2.pdf;1-2;"1;2";;high
ddd9b296;том 5_26-АЭРО-2022-ПОС_рев 1.pdf;1-2;"1;2";;high
4eef7cdd;том 6 Л2-ГПР-0450_21-ПД-К3,4-ПОС корр.2.pdf;1-2;"1;2";;high
184ca409;том 7_26-АЭРО-2022-ПБ_рев 1.pdf;1-2;"1;2";;high
# NK-Инжиниринг batch добавлен 2026-06-17: канонический title_zone.py (Checker87 app/pp87-checker@локально) прогнан по DocSpectrum NK exports (export_nk_34_object_view), 196 bundle, high 190 / low 6 (image_title=растровый титул СМ). Запуск: opus(DocSpectrum-side), детектор канонический. anchor-approx-сверка: 190/190 high совпали.
f85fab33;3. АР КОС20А 17.6.pdf;1-2;"1;2";;high
83c54ac3;3. АР КОС20Б 17.6.pdf;1-2;"1;2";;high
fe6a0e27;3. АР КОС22 17.6.pdf;1-2;"1;2";;high
a2ff74f3;3. АР КОС24А 17.6.pdf;1-2;"1;2";;high
e90c9c3f;3. АР КОС26 17.6.pdf;1-2;"1;2";;high
929a2373;3. АР КОС27А 17.6.pdf;1-2;"1;2";;high
9d42e77c;3. АР КОС28 17.6.pdf;1-2;"1;2";;high
415b7f27;3. АР КОС32 17.6.pdf;1-2;"1;2";;high
65e6ed83;3. АР ЛЕН106.pdf;1-2;"1;2";;high
d673a878;3. АР ЛЕН11 7.7.pdf;1-2;"1;2";;high
afe87473;3. АР ЛЕН18 7.7.pdf;1-2;"1;2";;high
ee23979b;3. АР ЛЕН20 7.7.pdf;1-2;"1;2";;high
687414d5;3. АР ЛЕН24 10.7.pdf;1-2;"1;2";;high
88721060;3. АР ЛЕН3 10.7.pdf;1-2;"1;2";;high
6829bf07;3. АР ЛЕН32 10.7.pdf;1-2;"1;2";;high
cb1c821e;3. АР ЛЕН34 10.7.pdf;1-2;"1;2";;high
77dbddda;3. АР ЛЕН3А 10.7.pdf;1-2;"1;2";;high
464b0571;3. АР МОЛ7 10.7.pdf;1-2;"1;2";;high
1298663d;3. АР НО37 16.6.pdf;1-2;"1;2";;high
023e0471;3. АР ЦЕН160К5 7.7.pdf;1-2;"1;2";;high
2c34d542;3. АР ЦЕН160К6 7.7.pdf;1-2;"1;2";;high
cc0445b7;3. АР ЧЕР21 16.6.pdf;1-2;"1;2";;high
31721716;3. АР ЧЕР29 16.6.pdf;1-2;"1;2";;high
13d72c4e;3. АР ЧЕР31 16.6.pdf;1-2;"1;2";;high
66ba3561;3. АР ЧЕР32 16.6.pdf;1-2;"1;2";;high
09f2212c;3. АР ЭНГ31 16.6.pdf;1-2;"1;2";;high
2bd16430;4. КР КОС20А 17.6.pdf;1-2;"1;2";;high
28855627;4. КР КОС20Б 17.6.pdf;1-2;"1;2";;high
118dec13;4. КР КОС22 17.6.pdf;1-2;"1;2";;high
f6422b13;4. КР КОС24А 17.6.pdf;1-2;"1;2";;high
7501b76b;4. КР КОС26 17.6.pdf;1-2;"1;2";;high
a9d9c87e;4. КР КОС27А 17.6.pdf;1-2;"1;2";;high
1e7c11ed;4. КР КОС28 17.6.pdf;1-2;"1;2";;high
6aebdfd1;4. КР КОС32 17.6.pdf;1-2;"1;2";;high
f8263188;4. КР ЛЕН106.pdf;1-2;"1;2";;high
b6228f78;4. КР ЛЕН11 7.7.pdf;1-2;"1;2";;high
01b867e5;4. КР ЛЕН18 7.7.pdf;1-2;"1;2";;high
f6f517c2;4. КР ЛЕН20 7.7.pdf;1-2;"1;2";;high
cf7efe92;4. КР ЛЕН24 10.7.pdf;1-2;"1;2";;high
76382b89;4. КР ЛЕН3 10.7.pdf;1-2;"1;2";;high
880a831a;4. КР ЛЕН32 10.7.pdf;1-2;"1;2";;high
5012edd2;4. КР ЛЕН34 10.7.pdf;1-2;"1;2";;high
82fc88b1;4. КР ЛЕН3А 10.7.pdf;1-2;"1;2";;high
dbf3c7b4;4. КР МОЛ7 10.7.pdf;1-2;"1;2";;high
cf19ef4a;4. КР НО37 16.6.pdf;1-2;"1;2";;high
a329e04b;4. КР ЦЕН160К5 7.7.pdf;1-2;"1;2";;high
2578e3dc;4. КР ЦЕН160К6 7.7.pdf;1-2;"1;2";;high
9f2edfbf;4. КР ЧЕР21 16.6.pdf;1-2;"1;2";;high
587d5823;4. КР ЧЕР29 16.6.pdf;1-2;"1;2";;high
005c4f4a;4. КР ЧЕР31 16.6.pdf;1-2;"1;2";;high
64c1fad6;4. КР ЧЕР32 16.6.pdf;1-2;"1;2";;high
57b48e17;4. КР ЭНГ31 16.6.pdf;1-2;"1;2";;high
99b7ace2;ИОС5.1 КОС20А 16.6.pdf;1-2;"1;2";;high
9032d4d5;ИОС5.1 КОС20Б 16.6.pdf;1-2;"1;2";;high
5885e04c;ИОС5.1 КОС22 16.6.pdf;1-2;"1;2";;high
a0e1ed94;ИОС5.1 КОС24А 16.6.pdf;1-2;"1;2";;high
e03fbc92;ИОС5.1 КОС26 16.6.pdf;1-2;"1;2";;high
71daf433;ИОС5.1 КОС27А 16.6.pdf;1-2;"1;2";;high
fb1bc978;ИОС5.1 КОС28 16.6.pdf;1-2;"1;2";;high
74307070;ИОС5.1 КОС32 16.6.pdf;1-2;"1;2";;high
1eea01b7;ИОС5.1 ЛЕН106.pdf;1-2;"1;2";;high
90b86e3a;ИОС5.1 ЛЕН11 2.7.pdf;1-2;"1;2";;high
8f049826;ИОС5.1 ЛЕН17 2.7.pdf;1-2;"1;2";;high
5042ad11;ИОС5.1 ЛЕН18 2.7.pdf;1-2;"1;2";;high
f3051580;ИОС5.1 ЛЕН20 2.7.pdf;1-2;"1;2";;high
cabb86ec;ИОС5.1 ЛЕН24 2.7.pdf;1-2;"1;2";;high
251fab66;ИОС5.1 ЛЕН3 2.7.pdf;1-2;"1;2";;high
c7d07fd5;ИОС5.1 ЛЕН32 2.7.pdf;1-2;"1;2";;high
96705d5f;ИОС5.1 ЛЕН34 2.7.pdf;1-2;"1;2";;high
704ac506;ИОС5.1 ЛЕН3А 2.7.pdf;1-2;"1;2";;high
739a09f2;ИОС5.1 МОЛ7 2.7.pdf;1-2;"1;2";;high
e930b7d4;ИОС5.1 НО37 16.6.pdf;1-2;"1;2";;high
81fe0ea3;ИОС5.1 ЦЕН160К5 2.7.pdf;1-2;"1;2";;high
14f2e498;ИОС5.1 ЦЕН160К6 2.7.pdf;1-2;"1;2";;high
3eef9b0b;ИОС5.1 ЧЕР21 16.6.pdf;1-2;"1;2";;high
c7bab22c;ИОС5.1 ЧЕР29 16.6.pdf;1-2;"1;2";;high
6b8d89a5;ИОС5.1 ЧЕР31 16.6.pdf;1-2;"1;2";;high
84b2ada4;ИОС5.1 ЧЕР32 16.6.pdf;1-2;"1;2";;high
9397588e;ИОС5.1 ЭНГ31 16.6.pdf;1-2;"1;2";;high
3ba28a8a;ИОС5.4.1 КОС20А 27.5.pdf;1-2;"1;2";;high
a89c1847;ИОС5.4.1 КОС20Б 27.5.pdf;1-2;"1;2";;high
632e11d8;ИОС5.4.1 КОС22 27.5.pdf;1-2;"1;2";;high
0d8001da;ИОС5.4.1 КОС24А 27.5.pdf;1-2;"1;2";;high
c5a1c774;ИОС5.4.1 КОС26 27.5.pdf;1-2;"1;2";;high
1c02303f;ИОС5.4.1 КОС27А.pdf;1-2;"1;2";;high
36151182;ИОС5.4.1 КОС28 27.5.pdf;1-2;"1;2";;high
801c1bda;ИОС5.4.1 КОС32.pdf;1-2;"1;2";;high
0615ec3f;ИОС5.4.1 ЛЕН106.pdf;1-2;"1;2";;high
3dc62729;ИОС5.4.1 ЛЕН11.pdf;1-2;"1;2";;high
c3d50424;ИОС5.4.1 ЛЕН17.pdf;1-2;"1;2";;high
2965c866;ИОС5.4.1 ЛЕН18.pdf;1-2;"1;2";;high
db9939a2;ИОС5.4.1 ЛЕН20.pdf;1-2;"1;2";;high
f63cbd1b;ИОС5.4.1 ЛЕН24.pdf;1-2;"1;2";;high
20089b77;ИОС5.4.1 ЛЕН3.pdf;1-2;"1;2";;high
71f0e376;ИОС5.4.1 ЛЕН32.pdf;1-2;"1;2";;high
69e0ba71;ИОС5.4.1 ЛЕН34.pdf;1-2;"1;2";;high
0758c684;ИОС5.4.1 ЛЕН3А.pdf;1-2;"1;2";;high
12402e89;ИОС5.4.1 МОЛ7.pdf;1-2;"1;2";;high
8c2d0167;ИОС5.4.1 НО37.pdf;1-2;"1;2";;high
d0a32ae9;ИОС5.4.1 ЦЕН160К5.pdf;1-2;"1;2";;high
049ee569;ИОС5.4.1 ЦЕН160К6.pdf;1-2;"1;2";;high
dd9797bc;ИОС5.4.1 ЧЕР29 27.5.pdf;1-2;"1;2";;high
4f46cea1;ИОС5.4.1 ЧЕР31 27.5.pdf;1-2;"1;2";;high
d48cbf3b;ИОС5.4.1 ЧЕР32.pdf;1-2;"1;2";;high
806fadc1;ИОС5.4.1 ЭНГ31.pdf;1-2;"1;2";;high
c47c4381;ПОКР КОС20А 24.6.pdf;1-2;"1;2";;high
594e15aa;ПОКР КОС20Б 24.6.pdf;1-2;"1;2";;high
c663c0a5;ПОКР КОС22 24.6.pdf;1-2;"1;2";;high
5aa63d12;ПОКР КОС24А 24.6.pdf;1-2;"1;2";;high
027234d1;ПОКР КОС26 24.6.pdf;1-2;"1;2";;high
f1b9828b;ПОКР КОС27А 24.6.pdf;1-2;"1;2";;high
55356fdc;ПОКР КОС28 24.6.pdf;1-2;"1;2";;high
78d280f5;ПОКР КОС32 24.6.pdf;1-2;"1;2";;high
d3d1d7c6;ПОКР ЛЕН106.pdf;1-2;"1;2";;high
fa974b25;ПОКР ЛЕН11 6.8.pdf;1-2;"1;2";;high
67e0f405;ПОКР ЛЕН18 6.8.pdf;1-2;"1;2";;high
1f294863;ПОКР ЛЕН20 6.8.pdf;1-2;"1;2";;high
fd15ff5e;ПОКР ЛЕН24 6.8.pdf;1-2;"1;2";;high
eb4b80eb;ПОКР ЛЕН3 6.8.pdf;1-2;"1;2";;high
ff417479;ПОКР ЛЕН32 6.8.pdf;1-2;"1;2";;high
42ef8ff7;ПОКР ЛЕН34 6.8.pdf;1-2;"1;2";;high
afae6e06;ПОКР ЛЕН3А 6.8.pdf;1-2;"1;2";;high
e2766721;ПОКР МОЛ7 6.8.pdf;1-2;"1;2";;high
58b0249d;ПОКР НО37 24.6.pdf;1-2;"1;2";;high
6c28a84c;ПОКР ЦЕН160К5 6.8.pdf;1-2;"1;2";;high
be0fa1c0;ПОКР ЦЕН160К6 6.8.pdf;1-2;"1;2";;high
94dd9e5c;ПОКР ЧЕР21 24.6.pdf;1-2;"1;2";;high
e076ef99;ПОКР ЧЕР29 24.6.pdf;1-2;"1;2";;high
8b8ebc04;ПОКР ЧЕР31 24.6.pdf;1-2;"1;2";;high
75cdf5e9;ПОКР ЧЕР32 24.6.pdf;1-2;"1;2";;high
bcc45db3;ПОКР ЭНГ31 24.6.pdf;1-2;"1;2";;high
e6238bbb;Раздел ПД N 3  АР_ул. Ленина, д.20.pdf;1-2;"1;2";;high
175cac17;Раздел ПД N 3  АР_ул. Школьная, д.1.pdf;1-2;"1;2";;high
99551c6f;Раздел ПД N 3  АР_ул. Школьная, д.2.pdf;1-2;"1;2";;high
a623ac34;Раздел ПД N 3  АР_ул. Школьная, д.3.pdf;1-2;"1;2";;high
367c1656;Раздел ПД N 3  АР_ул. Школьная, д.4.pdf;1-2;"1;2";;high
4a1af721;Раздел ПД N 3  АР_ул. Школьная, д.5.pdf;1-2;"1;2";;high
be0bfcbf;Раздел ПД N 4  КР ул. Школьная, д.1.pdf;1-2;"1;2";;high
0828d470;Раздел ПД N 4  КР_ул. Школьная, д.2.pdf;1-2;"1;2";;high
645bf4ee;Раздел ПД N 4  КР_ул. Школьная, д.3.pdf;1-2;"1;2";;high
2a261b11;Раздел ПД N 4  КР_ул. Школьная, д.4.pdf;1-2;"1;2";;high
3aa0b1b8;Раздел ПД N 4  КР_ул. Школьная, д.5.pdf;1-2;"1;2";;high
1c9d360c;Раздел ПД N 4 КР_ул. Ленина, д.20.pdf;1-2;"1;2";;high
8f789b13;Раздел ПД N 5  ИОС5.4.1  ул. Школьная, д. 2.pdf;1-4;"1;2";;high
262a92ae;Раздел ПД N 5  ИОС5.4.1 ул. Ленина, д. 20.pdf;1-4;"1;2";;high
b872b378;Раздел ПД N 5  ИОС5.4.1 ул. Школьная, д. 1.pdf;1-2;"1;2";;high
30866b4a;Раздел ПД N 5  ИОС5.4.1 ул. Школьная, д. 3.pdf;1-4;"1;2";;high
d1872ced;Раздел ПД N 5  ИОС5.4.1 ул. Школьная, д. 4.pdf;1-4;"1;2";;high
dabd1d61;Раздел ПД N 5  ИОС5.4.1_ ул. Школьная, д. 5.pdf;1-4;"1;2";;high
7ff569f6;Раздел ПД N 5.1  ИОС5.1  ул. Ленина, д.20 .pdf;1-2;"1;2";;high
0d01955c;Раздел ПД N 5.1  ИОС5.1  ул. Школьная, д.2.pdf;1-2;"1;2";;high
2abdb623;Раздел ПД N 5.1  ИОС5.1  ул. Школьная, д.3 .pdf;1-2;"1;2";;high
0e3366da;Раздел ПД N 5.1  ИОС5.1  ул. Школьная, д.4 .pdf;1-2;"1;2";;high
5489d051;Раздел ПД N 5.1  ИОС5.1  ул. Школьная, д.5.pdf;1-2;"1;2";;high
78166354;Раздел ПД N 5.1  ИОС5.1 ул. Школьная, д.1.pdf;1-2;"1;2";;high
978fd6dd;Раздел ПД N 6 ПОС ул. Школьная, д.1.pdf;1-2;"1;2";;high
6bffa748;Раздел ПД N 6 ПОС ул. Школьная, д.2.pdf;1-2;"1;2";;high
521f8a25;Раздел ПД N 6 ПОС_ул. Ленина, д.20.pdf;1-2;"1;2";;high
d3fae72d;Раздел ПД N 6 ПОС_ул. Школьная, д.3.pdf;1-2;"1;2";;high
f61ece45;Раздел ПД N 6 ПОС_ул. Школьная, д.4.pdf;1-2;"1;2";;high
a040215d;Раздел ПД N 6 ПОС_ул. Школьная, д.5.pdf;1-2;"1;2";;high
aa8b265f;Раздел ПД №5 ИОС5.5.1  ул Школьная 2.pdf;1-2;"1;2";;high
a22c9381;Раздел ПД №5 ИОС5.5.1 г.о Дзержинский, ул Ленина 20.pdf;1-2;"1;2";;high
2fa21e10;Раздел ПД №5 ИОС5.5.1 ул Школьная 1.pdf;1-2;"1;2";;high
d9c1d98d;Раздел ПД №5 ИОС5.5.1 ул Школьная 3 .pdf;1-2;"1;2";;high
e58ce64a;Раздел ПД №5 ИОС5.5.1 ул Школьная 4 .pdf;1-2;"1;2";;high
8b8033f1;Раздел ПД №5 ИОС5.5.1 ул Школьная 5.pdf;1-2;"1;2";;high
54948e8a;С Титульником 2024-2738К-К5-АУУ.ИОС.pdf;1-8;"1;2";;high
6345f07d;С Титульником 2024-2738К-К5-АУУ.ПОКР.pdf;1-2;"1;2";;high
9b3c038b;СМ КОС20А 7.7.pdf;1-2;"1;2";;high
9f493baa;СМ КОС20Б 7.7.pdf;1-2;"1;2";;high
8ab9c53c;СМ КОС22 7.7.pdf;1-2;"1;2";;high
aad5b617;СМ КОС24А 7.7.pdf;1-2;"1;2";;high
599fc0f2;СМ КОС26 7.7.pdf;1-2;"1;2";;high
f2ded0d0;СМ КОС27А 7.7.pdf;1-2;"1;2";;high
cf3f52b7;СМ КОС28 7.7.pdf;1-2;"1;2";;high
c09142a9;СМ КОС32 7.7.pdf;1-2;"1;2";;high
d7e8da71;СМ ЛЕН106.pdf;1-2;"1;2";;high
cc9cbe1a;СМ ЛЕН11.pdf;1-2;"1;2";;high
1a3f8476;СМ ЛЕН17.pdf;1-2;"1;2";;high
724647f4;СМ ЛЕН18.pdf;1-2;"1;2";;high
592ae128;СМ ЛЕН20.pdf;1-2;"1;2";;high
8f08e5c6;СМ ЛЕН24 6.8.pdf;1-2;"1;2";encoding_corrupted_title_recovered;high
830dd77c;СМ ЛЕН3 6.8.pdf;1-2;"1;2";encoding_corrupted_title_recovered;high
f8c11849;СМ ЛЕН32 6.8.pdf;1-2;"1;2";encoding_corrupted_title_recovered;high
29cea7f4;СМ ЛЕН34 6.8.pdf;1-2;"1;2";encoding_corrupted_title_recovered;high
d9dec1fd;СМ ЛЕН3А 6.8.pdf;1-2;"1;2";encoding_corrupted_title_recovered;high
a4f6f0f0;СМ МОЛ7 6.8.pdf;1-2;"1;2";encoding_corrupted_title_recovered;high
8caf51df;СМ НО37 7.7.pdf;1-2;"1;2";;high
c5177e02;СМ ЦЕН160К5.pdf;1-2;"1;2";;high
26c1f2d9;СМ ЦЕН160К6.pdf;1-2;"1;2";;high
4a00ecf2;СМ ЧЕР21 7.7.pdf;1-2;"1;2";;high
d30fc7f6;СМ ЧЕР29.pdf;1-2;"1;2";;high
a0674bdd;СМ ЧЕР31 7.7.pdf;1-2;"1;2";;high
71202ef8;СМ ЧЕР32 7.7.pdf;1-2;"1;2";;high
d14a7143;СМ ЭНГ31 7.7.pdf;1-2;"1;2";;high
# CORRECTION 2026-06-17 (opus): 6 NK СМ (1851-1855,1864) были ошибочно image_title — причина НЕ растр, а порча кодировки «Р»→«Ð» (encoding_status ложно ok); детекторы (канон title_zone + anchor-approx) не нормализуют Ð→Р/ö→ц/þ→ю. С нормализацией якорь «ПРОЕКТНАЯ ДОКУМЕНТАЦИЯ» найден на стр.1-2 → reclassified high (anomaly=encoding_corrupted_title_recovered). СПДС-2020: смета=часть ПД, отдельного смета-титула нет. Root-fix детектора — на стороне Checker.
